P,D,Z,E,R,O,L,Z,U,R,R,Q,H,Y,O,X,I,N
E,Q,E,X,O,N,E,R,A,C,I,O,N,C,X,M,V,P
Y,I,S,N,R,Q,Z,N,F,P,C,A,R,R,O,Y,F,S
M,X,I,C,H,F,D,G,G,E,G,I,K,O,P,R,Z,Q
O,Q,R,Q,F,I,O,T,H,R,T,N,E,B,R,E,D,Z
K,F,V,Q,V,N,P,V,V,R,G,P,K,R,X,F,X,Z
R,K,A,Y,O,A,H,P,O,O,X,F,C,I,U,Z,G,P
D,G,N,K,F,L,K,V,J,V,Z,V,W,K,Q,F,C,J
O,A,G,P,E,E,J,I,F,O,T,U,R,Y,L,T,H,B
W,M,E,B,Z,S,H,M,O,B,O,F,C,A,S,A,I,P
Z,I,L,T,L,F,Y,T,D,S,T,G,W,W,H,Y,R,R
K,G,A,T,X,X,P,R,O,Y,E,C,T,O,S,C,S,U
Z,O,K,N,A,C,I,O,N,A,L,I,S,T,A,Q,V,X
Q,V,O,B,Z,B,T,F,U,I,Q,S,G,J,B,N,I,V
B,H,O,L,A,F,T,J,U,W,Q,U,H,K,N,I,D,Z
L,V,J,V,N,X,F,F,X,V,O,T,X,J,U,B,E,S
P,B,F,Z,Z,G,W,O,W,Z,Y,H,S,R,G,X,O,U
X,U,K,K,W,E,I,Q,E,J,F,P,W,N,W,T,P,V